"feature_duration_total	feature_duration_up	feature_duration_hold	feature_duration_down	feature_velocity_avg_up	feature_velocity_avg_down	feature_velocity_var_up	feature_velocity_var_down	feature_velocity_max_up	feature_velocity_max_down	feature_displace_vertical_up	feature_displace_vertical_down	feature_displace_horizontal_up	feature_displace_horizontal_down	feature_displace_spatial_up	feature_displace_spatial_down	feature_rollVec_middle_up	feature_rollVec_middle_down	feature_rollVec_max_up	feature_rollVec_max_down	feature_rollChange_net_up	feature_rollChange_net_down	feature_pitch_peak_up	feature_pitch_peak_down	feature_pitch_up_1	feature_pitch_up_2	feature_pitch_up_3	feature_pitch_up_4	feature_pitch_up_5	feature_pitch_up_6	feature_pitch_up_7	feature_pitch_up_8	feature_pitch_up_9	feature_pitch_middle_down	motion_label3789	1323	1288	1178	2.935	3.1242	21.107	11.187	16.797	11.203	1.6972	-1.8023	1.027	0.80538	1.9837	1.9741	0.40874	-1.3128	41.819	0.66547	3.3747	-3.5196	-0.032444	-0.12548	0.044934	0.089868	0.1348	0.17974	0.22467	0.2696	0.31454	0.35947	0.40441	-0.42212	49"
4147	978	1860	1309	2.5002	2.5639	4.0013	2.8315	6.2978	5.9788	1.6519	-1.6946	0.96985	0.88845	1.9156	1.9134	-1.7472	0.95906	53.995	4.7387	2.8111	-3.0882	0.41167	0.43123	-0.021032	-0.042064	-0.063096	-0.084128	-0.10516	-0.12619	-0.14722	-0.16826	-0.18929	0.68311	49
6381	1331	3522	1528	1.24	2.0117	1.5868	3.1592	3.744	6.3444	0.92899	-1.5206	1.2201	0.50016	1.5335	1.6007	0.12745	1.0369	11.377	5.9023	1.716	-3.1339	0.38838	0.78247	-0.10439	-0.20878	-0.31318	-0.41757	-0.52196	-0.62635	-0.73074	-0.83514	-0.93953	0.71744	49
4147	978	1860	1309	2.5002	2.5639	4.0013	2.8315	6.2978	5.9788	1.6519	-1.6946	0.96985	0.88845	1.9156	1.9134	-1.7472	0.95906	53.995	4.7387	2.8111	-3.0882	0.41167	0.43123	-0.021032	-0.042064	-0.063096	-0.084128	-0.10516	-0.12619	-0.14722	-0.16826	-0.18929	0.68311	49
6381	1331	3522	1528	1.24	2.0117	1.5868	3.1592	3.744	6.3444	0.92899	-1.5206	1.2201	0.50016	1.5335	1.6007	0.12745	1.0369	11.377	5.9023	1.716	-3.1339	0.38838	0.78247	-0.10439	-0.20878	-0.31318	-0.41757	-0.52196	-0.62635	-0.73074	-0.83514	-0.93953	0.71744	49
